0.jpg,1
1030426_d94dfc35f3_o.jpg,1
109941551_962c4dcdea_b.jpg,1
13294174925_d34609da50_o.jpg,1
138554565_77e5ae971c_b.jpg,1
142828186_ab849fa6b8_o.jpg,1
143461533_e74b0b57cb_o.jpg,1
1449043272_a08c71e89e_o.jpg,1
2104163582_7be25bd335_o.jpg,1
21134629_1d7b82c23d_o.jpg,1
2254092182_38bc0f543a_o.jpg,1
2311032877_0359c15594_o.jpg,1
2311740853_3da6eccb40_b.jpg,1
2319322997_99436373a7_o.jpg,1
2457317106_83248def25_o.jpg,1
2463336306_45c597c5a0_o.jpg,1
2477734502_ffd92fdd2f_o.jpg,1
2597104518_31bcd0cd21_b.jpg,1
260050723_3855b81f73_o.jpg,1
26126899_e4f864aeef_o.jpg,1
26526102405_ca4fa4f610_o.jpg,1
278349755_49dd1fe584_o.jpg,1
3045625277_7db5e52b9f_o.jpg,1
3045838110_f65e71548c_b.jpg,1
3069498736_f69e504cc5_o.jpg,1
311860160_58e4d23de0_b.jpg,1
31318321_dd3efab70b_b.jpg,1
3171541152_903ecbde34_b.jpg,1
3183042267_5a903f1d26_o.jpg,1
3213109439_d4c4e57a19_o.jpg,1
328489576_85355ea24c_o.jpg,1
3391259137_62e6647961_o.jpg,1
3398040819_28ced8a3cf_o.jpg,1
3403772837_eb02069f02_o.jpg,1
3404795297_2037b0c93a_o.jpg,1
3634821496_b5257a3439_b.jpg,1
36894042_82a8caea36_o.jpg,1
3890819650_dc8b19a187_o.jpg,1
4015409988_c1487da2a8_o.jpg,1
4115795471_3c9f1f3aee_o.jpg,1
4115796559_dfa6dd6a40_o.jpg,1
4172980506_7a7c311ba6_o.jpg,1
4226488034_6a92f2d4a4_o.jpg,1
441490116_7d1fc87f1d_b.jpg,1
473766110_e3e3fc9b30_o.jpg,1
474675206_84dcdc9e39_o.jpg,1
482485755_a4488e8602_o.jpg,1
490960656_033acd2c53_o.jpg,1
500244012_51ac583252_o.jpg,1
507855544_2b2088611a_o.jpg,1
508716043_7dbcc6944c_b.jpg,1
5a86e60cd0307215038b4797.jpg,1
5bc9c7c485600a7d0402ddb4.jpg,1
60842-15850565835461948_origin.jpg,1
81839131_bacfde92f6_o.jpg,1
8730087744_4ced3c6713_b.jpg,1
88587924_f06f3e1f48_o.jpg,1
9116465949_4d0b1e9051_b.jpg,1
9153523014_fc32f1b1ef_o.jpg,1
960x0.jpg,1
9864241_ac1b13b949_b.jpg,1
Coca-cola_1040.jpg,1
coke-corona-virus-today-main-200226-v2_1e37aa594870b85fc32b45d718978620.jpg,1
Coke_PageProperties.jpg,1
