2997084866_a6f8749434_o.jpg,0
3023311841_c26dac5dfd_o.jpg,0
3023311851_6f933bfb3a_o.jpg,0
3023311879_a4e284202b_o.jpg,0
3024147898_082442f05a_o.jpg,0
3025918647_703a4de870_o.jpg,0
3025918951_39b2fac429_o.jpg,0
3025919287_087cde93bf_o.jpg,0
3032125414_e77e60e493_o.jpg,0
3047846882_65e4b0f419_o.jpg,0
3065842898_ff98952f94_o.jpg,0
3078678794_1ae2993643_o.jpg,0
3079486385_075ce334e4_o.jpg,0
3096071435_3d8c5c7f82_b.jpg,0
3111310974_35fafc8cfc_o.jpg,0
3114872752_30e5a6f43c_o.jpg,0
3125757293_d556865120_o.jpg,0
3127159784_3488322034_o.jpg,0
3132900365_2cc23cc98f_o.jpg,0
3140832437_fc33e6d3ec_b.jpg,0
3143119042_91f7c1f11f_o.jpg,0
3156434046_6480916a26_o.jpg,0
3160363533_54090b3b49_o.jpg,0
3173971222_13dd6aeb8a_o.jpg,1
3195458229_a68d3a8bb6_o.jpg,0
3199401831_aab6d367bb_o.jpg,0
3233783186_9d3cfe89d8_o.jpg,0
3254549036_a53ed57449_o.jpg,0
3259183207_50611c73b0_o.jpg,0
3315899976_07c415ba41_o.jpg,0
3346111418_a7bec32df4_o.jpg,0
3350442226_d2a3f8859a_b.jpg,0
3353117567_e4af8600df_o.jpg,0
3358002940_f3b1ff97c9_o.jpg,0
3358006224_b497a55162_o.jpg,0
3366799719_6f16bbaa5e_o.jpg,0
3366801241_2231702f8e_o.jpg,0
3367626408_914eab3001_o.jpg,0
3380164579_215abe5f78_o.jpg,0
3381177647_6fb60ca8fd_o.jpg,0
3386622391_d600852ab4_b.jpg,0
3399444231_6c608344e0_b.jpg,0
3410569934_d1c899be0a_b.jpg,0
3412986513_7a54598b0b_o.jpg,0
3412990795_44a12602a2_o.jpg,0
3412994783_8ff4524ace_o.jpg,0
3413814050_ea2ba9479e_o.jpg,0
3413817524_8788120d2a_o.jpg,0
3414457036_0cc9f137ee_o.jpg,0
3420535396_bf8223e2a9_b.jpg,0
3424135421_6397fd9813_o.jpg,0
3426801723_5a4177abf2_b.jpg,0
3427865603_0fd209915b_b.jpg,0
3441073092_0e521a8cc4_o.jpg,0
3441603348_d250749f4d_o.jpg,0
3442080060_1b0831d72e_o.jpg,0
3454787946_2142cdeb08_o.jpg,0
3465976695_53ece28c46_o.jpg,0
3468692449_4c17bfd068_o.jpg,0
3474438200_236e584769_o.jpg,0
3477374004_7bc9ccca73_o.jpg,0
3489546892_4d036795fb_o.jpg,0
3499510376_b390155da9_o.jpg,0
3525495784_8f632743c2_o.jpg,0
3532881607_77749c22f4_b.jpg,0
3548999031_76c70824bd_o.jpg,0
3549807190_2448dce1d8_o.jpg,0
3558516335_6a5d408cdb_o.jpg,0
3561175329_61c6ba1f68_o.jpg,0
3563688060_416dd3ca94_b.jpg,0
3588908736_972cc1c5f9_o.jpg,0
3593355893_a52329d7f7_o.jpg,0
3593912700_e5704573b3_b.jpg,0
3609363287_2a698128fe_o.jpg,0
3617371187_4db81e2829_o.jpg,0
49055058851_205af72da7_o.jpg,0
49055069731_c6f6a3ff5a_o.jpg,0
49055075226_3ea9dd28e9_o.jpg,0
49055077416_6354256394_o.jpg,0
49055080836_40e6b1f781_o.jpg,0
49055208256_6ef6f8b357_o.jpg,0
49055274622_c93e272be4_o.jpg,0
49055278062_c72e7f6125_o.jpg,0
49055286312_2c38e70fb3_o.jpg,0
49062023763_e142edc32a_o.jpg,0
49062024248_022024b390_o.jpg,0
49062533366_c3f34235b3_o.jpg,0
49062753732_b10f28e290_o.jpg,0
49062754067_579d6fa6eb_o.jpg,0
49062754132_5bba64db9f_o.jpg,0
49062754152_9535c73351_o.jpg,0
49109019736_0b3969fc0d_o.jpg,0
49227706591_a65b2ce2ca_b.jpg,0
49242251823_ae4af2cd06_o.jpg,0
49254936012_6d4c3f7ccd_o.jpg,0
49260193652_ea4ef2924c_o.jpg,0
49277023143_93e5abfd51_b.jpg,0
49280641863_a2f6fb31d7_o.jpg,0
49298636643_d5bbfbe08a_o.jpg,0
49308027647_43d7624f80_b.jpg,0
49313487426_b1512b7223_o.jpg,0
cutest-puppy-dog-pictures-coverimage.jpg,0
